-- MySQL dump 10.13  Distrib 5.5.14, for Win32 (x86)
--
-- Host: 127.0.0.1    Database: pg_dev
-- ------------------------------------------------------
-- Server version	5.5.14

/*!40101 SET @OLD_CHARACTER_SET_CLIENT=@@CHARACTER_SET_CLIENT */;
/*!40101 SET @OLD_CHARACTER_SET_RESULTS=@@CHARACTER_SET_RESULTS */;
/*!40101 SET @OLD_COLLATION_CONNECTION=@@COLLATION_CONNECTION */;
/*!40101 SET NAMES utf8 */;
/*!40103 SET @OLD_TIME_ZONE=@@TIME_ZONE */;
/*!40103 SET TIME_ZONE='+00:00' */;
/*!40014 SET @OLD_UNIQUE_CHECKS=@@UNIQUE_CHECKS, UNIQUE_CHECKS=0 */;
/*!40014 SET @OLD_FOREIGN_KEY_CHECKS=@@FOREIGN_KEY_CHECKS, FOREIGN_KEY_CHECKS=0 */;
/*!40101 SET @OLD_SQL_MODE=@@SQL_MODE, SQL_MODE='NO_AUTO_VALUE_ON_ZERO' */;
/*!40111 SET @OLD_SQL_NOTES=@@SQL_NOTES, SQL_NOTES=0 */;

--
-- Table structure for table `community`
--

DROP TABLE IF EXISTS `community`;
/*!40101 SET @saved_cs_client     = @@character_set_client */;
/*!40101 SET character_set_client = utf8 */;
CREATE TABLE `community` (
  `key` varchar(20) NOT NULL DEFAULT '',
  `name` varchar(20) NOT NULL,
  `no` int(11) NOT NULL,
  PRIMARY KEY (`key`)
) ENGINE=InnoDB DEFAULT CHARSET=utf8;
/*!40101 SET character_set_client = @saved_cs_client */;

--
-- Dumping data for table `community`
--

LOCK TABLES `community` WRITE;
/*!40000 ALTER TABLE `community` DISABLE KEYS */;
INSERT INTO `community` VALUES ('jyhy','景园花园',1),('yjmy','颐景名苑',2);
/*!40000 ALTER TABLE `community` ENABLE KEYS */;
UNLOCK TABLES;

--
-- Table structure for table `expcode`
--

DROP TABLE IF EXISTS `expcode`;
/*!40101 SET @saved_cs_client     = @@character_set_client */;
/*!40101 SET character_set_client = utf8 */;
CREATE TABLE `expcode` (
  `userid` varchar(20) NOT NULL DEFAULT '',
  `item_code` varchar(20) NOT NULL,
  PRIMARY KEY (`userid`,`item_code`),
  CONSTRAINT `expporp:userid` FOREIGN KEY (`userid`) REFERENCES `expert` (`userid`)
) ENGINE=InnoDB DEFAULT CHARSET=utf8;
/*!40101 SET character_set_client = @saved_cs_client */;

--
-- Dumping data for table `expcode`
--

LOCK TABLES `expcode` WRITE;
/*!40000 ALTER TABLE `expcode` DISABLE KEYS */;
INSERT INTO `expcode` VALUES ('13157651100','1'),('13157651100','2'),('13157651100','3'),('13157651100','4'),('13396900001','1'),('13396900001','2'),('13396900001','3'),('13396900001','4'),('13515765096','1'),('13515765096','2'),('13515765096','3'),('13515765096','4'),('13857659857','1'),('13857659857','2'),('13857659857','3'),('13857659857','4'),('13905767228','1'),('13905767228','2'),('13905767228','3'),('13905767228','4'),('18957688606','1'),('18957688606','2'),('18957688606','3'),('18957688606','4'),('18968576856','1'),('18968576856','2');
/*!40000 ALTER TABLE `expcode` ENABLE KEYS */;
UNLOCK TABLES;

--
-- Table structure for table `expert`
--

DROP TABLE IF EXISTS `expert`;
/*!40101 SET @saved_cs_client     = @@character_set_client */;
/*!40101 SET character_set_client = utf8 */;
CREATE TABLE `expert` (
  `userid` varchar(20) NOT NULL DEFAULT '',
  `name` varchar(20) NOT NULL,
  PRIMARY KEY (`userid`)
) ENGINE=InnoDB DEFAULT CHARSET=utf8;
/*!40101 SET character_set_client = @saved_cs_client */;

--
-- Dumping data for table `expert`
--

LOCK TABLES `expert` WRITE;
/*!40000 ALTER TABLE `expert` DISABLE KEYS */;
INSERT INTO `expert` VALUES ('13157651100','牟'),('13396900001','阮冠华'),('13515765096','王呈斌'),('13857659857','陈'),('13905767228','李华东'),('18957688606','陈耸'),('18968576856','黄翔');
/*!40000 ALTER TABLE `expert` ENABLE KEYS */;
UNLOCK TABLES;

--
-- Table structure for table `item`
--

DROP TABLE IF EXISTS `item`;
/*!40101 SET @saved_cs_client     = @@character_set_client */;
/*!40101 SET character_set_client = utf8 */;
CREATE TABLE `item` (
  `ques_key` varchar(20) NOT NULL DEFAULT '',
  `content` varchar(500) DEFAULT NULL,
  `level` varchar(20) DEFAULT NULL,
  `code` varchar(20) NOT NULL DEFAULT '',
  `fson` int(11) DEFAULT NULL,
  `fmonther` int(11) DEFAULT NULL,
  PRIMARY KEY (`ques_key`,`code`),
  CONSTRAINT `item:ques_key` FOREIGN KEY (`ques_key`) REFERENCES `ques` (`key`)
) ENGINE=InnoDB DEFAULT CHARSET=utf8;
/*!40101 SET character_set_client = @saved_cs_client */;

--
-- Dumping data for table `item`
--

LOCK TABLES `item` WRITE;
/*!40000 ALTER TABLE `item` DISABLE KEYS */;
INSERT INTO `item` VALUES ('v150116','物业管理水平','1','1',1,4),('v150116','物业组织和人员','2','1.1',1,5),('v150116','管理架构完整，配备保安部，工程部，保洁部，绿化部等职能部门','3','1.1.1',1,10),('v150116','接听业主电话有相应记录','3','1.1.10',1,10),('v150116','部门负责人从事物业管理工作三年以上，且按时到岗','3','1.1.2',1,10),('v150116','各岗位有完整的到岗记录','3','1.1.3',1,10),('v150116','管理人员具备相应的专业知识和服务技能','3','1.1.4',1,10),('v150116','50%中层管理人员具有物业经理人上岗证','3','1.1.5',1,10),('v150116','小区的物业主任具备物业管理师资格','3','1.1.6',1,10),('v150116','具备物业收费标准的物业资质','3','1.1.7',1,10),('v150116','与物业合同相适应的人员配备数量','3','1.1.8',1,10),('v150116','接待中心配备了专门电话接听人员','3','1.1.9',1,10),('v150116','物业制度与执行','2','1.2',1,5),('v150116','物业各部门管理制度完善','3','1.2.1',1,10),('v150116','物业管理人员每年有四次的内部培训，记录完整','3','1.2.10',1,10),('v150116','有完善的培训管理制度和完整的年度培训计划','3','1.2.2',1,10),('v150116','已经定期开展各项专业技能培训，培训工作有记录','3','1.2.3',1,10),('v150116','有相应能力和资质的内部培训师','3','1.2.4',1,10),('v150116','有相关培训结果的评估和测试记录','3','1.2.5',1,10),('v150116','关键岗位管理人员持证上岗','3','1.2.6',1,10),('v150116','财务上有专项的培训费用列支','3','1.2.7',1,10),('v150116','每年有50%以上人员赴外交流学习','3','1.2.8',1,10),('v150116','物业人员的具备相应的工作能力','3','1.2.9',1,10),('v150116','小区文化','2','1.3',1,5),('v150116','小区有专门的文化娱乐场所','3','1.3.1',1,10),('v150116','本年度小区取得过一个以上市级以上荣誉称号','3','1.3.10',1,10),('v150116','文化娱乐活动场所设施设备完好','3','1.3.2',1,10),('v150116','小区重要节假日有特殊的布置','3','1.3.3',1,10),('v150116','每年组织至少一次社区文化活动','3','1.3.4',1,10),('v150116','小区文化活动有相关报道或记录','3','1.3.5',1,10),('v150116','小区有专门的公告栏、宣传栏','3','1.3.6',1,10),('v150116','小区公告栏、宣传栏每季度更新一次','3','1.3.7',1,10),('v150116','宣传栏有业主提供的原创内容','3','1.3.8',1,10),('v150116','住户对社区文化活动有好感','3','1.3.9',1,10),('v150116','物业与业主的互动交流','2','1.4',1,5),('v150116','业主花名册完整，能够及时更新，通信方式准确有效','3','1.4.1',1,10),('v150116','物业服务人员着装统一，形象端庄，谈吐有职业素养','3','1.4.10',1,10),('v150116','物业费收缴率达到90%以上','3','1.4.2',1,10),('v150116','与所在社区关系处理融洽，有协调解决相关问题的制度','3','1.4.3',1,10),('v150116','每年对不小于10%的业主进行回访和调查','3','1.4.4',1,10),('v150116','有正式有效的通知发布手段，信息通达业主渠道顺畅','3','1.4.5',1,10),('v150116','本年度业主有对物业送过锦旗和表扬信或其他证明评价物业的证据','3','1.4.6',1,10),('v150116','具备条件的社区已经成立业主委员会或正在成立，没有具备条件的已和开发商正常签订前期物业服务合同','3','1.4.7',1,10),('v150116','业主能够及时了解自身投诉处理状态的机制和流程','3','1.4.8',1,10),('v150116','80%的业主对小区物业管理满意','3','1.4.9',1,10),('v150116','物业服务创新','2','1.5',1,5),('v150116','物业公司高层管理人员具备创新性服务意识，并已经有了相关举措','3','1.5.1',1,10),('v150116','物业有针对儿童、老人的管理创新活动','3','1.5.10',1,10),('v150116','已经利用互联网手段加强与业主的沟通','3','1.5.2',1,10),('v150116','已经利用移动互联网开展业主个性化服务','3','1.5.3',1,10),('v150116','物业管理公司具备自身的形象识别系统（CIS）','3','1.5.4',1,10),('v150116','小区物业的形象识别系统（CIS）得到业主认同','3','1.5.5',1,10),('v150116','物业公司使用信息化进行内部办公、人事和财务管理','3','1.5.6',1,10),('v150116','使用客户关系管理系统进行管理','3','1.5.7',1,10),('v150116','使用资产管理系统跟踪设备维护保养','3','1.5.8',1,10),('v150116','物业提供快递收发服务','3','1.5.9',1,10),('v150116','共用设施管理','1','2',1,4),('v150116','小区共用配套设施与道路维护','2','2.1',1,5),('v150116','已建立公共设施设备管理制度','3','2.1.1',1,10),('v150116','有小区范围内道路管理制度','3','2.1.10',1,10),('v150116','公共设施维护保养记录完整','3','2.1.2',1,10),('v150116','公共设施运行正常','3','2.1.3',1,10),('v150116','有设备的保修厂家联系方式，并向业主公布','3','2.1.4',1,10),('v150116','公共配套服务设施损坏时能及时修复','3','2.1.5',1,10),('v150116','正在修复中的公共配套设施有必要安全防护措施和告知信息','3','2.1.6',1,10),('v150116','业主对公共配套设施完好率能基本认可','3','2.1.7',1,10),('v150116','物业管理人员了解公共配套设施的日常使用条件和保养要求','3','2.1.8',1,10),('v150116','公用配套设施有明显的标识和安全禁示','3','2.1.9',1,10),('v150116','小区排水、排污设管理','2','2.2',1,5),('v150116','室外管线统一入地或入公共管道','3','2.2.1',1,10),('v150116','有排水排污市政管道的年度维护计划','3','2.2.10',1,10),('v150116','小区无架空管线','3','2.2.2',1,10),('v150116','排水、排污设施设备可以正常使用','3','2.2.3',1,10),('v150116','相关物业管理人员掌握排水、排污设施设备','3','2.2.4',1,10),('v150116','特殊天气时小区排水、排涝正常，路面没有明显的积水现象','3','2.2.5',1,10),('v150116','地下室、车库、设备房有排水设施','3','2.2.6',1,10),('v150116','函水井、化粪井以及排污管道无堵塞外溢','3','2.2.7',1,10),('v150116','各类井盖完好，没有破损丢失','3','2.2.8',1,10),('v150116','无函水井、化粪井以及排污管道溢出的臭气','3','2.2.9',1,10),('v150116','小区供水设施管理','2','2.3',1,5),('v150116','有二次供水蓄水池清洁、消毒管理制度','3','2.3.1',1,10),('v150116','有专人负责二次供水设施的操作','3','2.3.10',1,10),('v150116','供水设备设施运行正常，无渗、漏现象','3','2.3.2',1,10),('v150116','二次供水设备设施运行正常','3','2.3.3',1,10),('v150116','二次供水蓄水池清洁、达标','3','2.3.4',1,10),('v150116','蓄水池有定期清洗记录，水质合格','3','2.3.5',1,10),('v150116','蓄水池清洗操作人员有健康合格证','3','2.3.6',1,10),('v150116','水池井口、透气孔按要求防虫、加盖、上锁','3','2.3.7',1,10),('v150116','建立行之有效的供水应急措施','3','2.3.8',1,10),('v150116','二次供水设施建立安全保护措施','3','2.3.9',1,10),('v150116','小区供电设施维护','2','2.4',1,5),('v150116','有小区供电系统管理制度','3','2.4.1',1,10),('v150116','小区夜间路灯、楼道灯照明正常','3','2.4.10',1,10),('v150116','小区内建立应急供电制度','3','2.4.2',1,10),('v150116','供电设备施维修保养计划完善','3','2.4.3',1,10),('v150116','小区主要道路和公共设施照明正常','3','2.4.4',1,10),('v150116','小区内供、配点设备有维修保养记录','3','2.4.5',1,10),('v150116','配电室设备完好','3','2.4.6',1,10),('v150116','小区配电室有明显的警示标志','3','2.4.7',1,10),('v150116','小区配备专业电工','3','2.4.8',1,10),('v150116','小区供电维护人员持有相关上岗证书','3','2.4.9',1,10),('v150116','小区电梯管理','2','2.5',1,5),('v150116','制订电梯运行安全管理制度','3','2.5.1',1,10),('v150116','电梯应急处理方案已组织培训、并有记录','3','2.5.10',1,10),('v150116','电梯安全检查在有效期之内','3','2.5.2',1,10),('v150116','已制定电梯故障后的应急处理方案','3','2.5.3',1,10),('v150116','物业相关人员了解各自职责和应急处理方案','3','2.5.4',1,10),('v150116','物管人员能够及时响应电梯应急呼叫','3','2.5.5',1,10),('v150116','电梯机房通风、照明良好','3','2.5.6',1,10),('v150116','轿厢内照明、通风，附属设施良好','3','2.5.7',1,10),('v150116','电梯入口大厅照明良好，具有安全感','3','2.5.8',1,10),('v150116','电梯内处无杂物，保持清洁','3','2.5.9',1,10),('v150116','小区公共秩序','1','3',1,4),('v150116','小区秩序管理','2','3.1',1,4),('v150116','有维护秩序的相关部门','3','3.1.1',1,10),('v150116','近一年没有发生过入室盗窃等案件','3','3.1.10',1,10),('v150116','维持秩序人员配备符合物业资质','3','3.1.2',1,10),('v150116','小区出入口有24小时的门岗值守','3','3.1.3',1,10),('v150116','出入口门岗能够实时协调，可以进行联动管理','3','3.1.4',1,10),('v150116','有成熟的住户身份识别机制和方法','3','3.1.5',1,10),('v150116','安保点、巡更点设置合理，无盲点死角','3','3.1.6',1,10),('v150116','有重点安全区域（地下室和封闭人行通道）管理措施','3','3.1.7',1,10),('v150116','有外来人员、物品、车辆出入登记管理，对非正常进入小区周界的人或者车辆有管理措施','3','3.1.8',1,10),('v150116','有秩序维护人员能24小时，5分钟内响应住户在公共区域内呼叫的措施','3','3.1.9',1,10),('v150116','小区安全管理','2','3.2',1,4),('v150116','建立值班及巡逻制度，并认真执行，有值班及巡逻记录','3','3.2.1',1,10),('v150116','住户对秩序维护人员抱有好感','3','3.2.10',1,10),('v150116','监控中心有严格的禁入制度','3','3.2.2',1,10),('v150116','监控中心值班人员和秩序维护人员熟悉小区环境','3','3.2.3',1,10),('v150116','监控中心值班人员能够及时指挥在岗秩序维护员到达指定地点','3','3.2.4',1,10),('v150116','安保人员能及时响应住户的紧急呼叫请求','3','3.2.5',1,10),('v150116','监控中心值班人员经过必要上岗培训，并有半年的实习期','3','3.2.6',1,10),('v150116','秩序维护员文明执勤，遇到住户自然亲切，对可疑人员采取适当的手段监控和礼貌盘查','3','3.2.7',1,10),('v150116','秩序维护员的年流动率不太于10%','3','3.2.8',1,10),('v150116','秩序维护员有合格的体能条件','3','3.2.9',1,10),('v150116','小区消防管理','2','3.3',1,4),('v150116','小区已建立公共场所危险源识别清单','3','3.3.1',1,10),('v150116','本年度小区里未发生过意外安全事件或者得到及时控制','3','3.3.10',1,10),('v150116','公共场所的危险源有明显的提示标识','3','3.3.2',1,10),('v150116','建立社区公共安全事件应急处理措施','3','3.3.3',1,10),('v150116','消防报警系统能够正常使用','3','3.3.4',1,10),('v150116','灭火器材在有效期范围之内','3','3.3.5',1,10),('v150116','消防和疏散通道没有杂物和车辆阻挡','3','3.3.6',1,10),('v150116','业主撤离地图和疏散标志完整明显','3','3.3.7',1,10),('v150116','本年度组织过消防演练','3','3.3.8',1,10),('v150116','物业管理人员清楚自身的安全管理职责','3','3.3.9',1,10),('v150116','小区机动车管理','2','3.4',1,4),('v150116','有切实有效的小区停车管理办法和措施','3','3.4.1',1,10),('v150116','有外来车辆有临时停放服务','3','3.4.10',1,10),('v150116','有规范的停车指示标识、标志、标线','3','3.4.2',1,10),('v150116','有车辆出入电子监控系统，有能正常使用车辆刷卡系统，挡臂完好','3','3.4.3',1,10),('v150116','没有车辆乱停现象','3','3.4.4',1,10),('v150116','私人和收费停车位没有被随意占用','3','3.4.5',1,10),('v150116','小区非机动车管理制度完善，有专门停放场所，标志明确','3','3.4.6',1,10),('v150116','对小区内的乱停车辆能进行适当提示和处理','3','3.4.7',1,10),('v150116','地下车库照明设施完好，光线充足','3','3.4.8',1,10),('v150116','道路和地下车库没有堆放杂物','3','3.4.9',1,10),('v150116','环境绿化维护','1','4',1,4),('v150116','小区保洁管理','2','4.1',1,3),('v150116','垃圾中转站设置合理，外观整洁','3','4.1.1',1,10),('v150116','保洁人员着装整齐','3','4.1.10',1,10),('v150116','小区垃圾箱、果皮箱等设施没有满溢，定时清运和清毒','3','4.1.2',1,10),('v150116','垃圾箱标识清楚，放置稳定，边界明确，外观没有破损，表面不脏乱','3','4.1.3',1,10),('v150116','实行标准化保洁，有专职的清洁人员和明确的责任范围','3','4.1.4',1,10),('v150116','单元、楼道等公共区域卫生良好，墙面整洁','3','4.1.5',1,10),('v150116','在行人通道周围没有发现卫生死角','3','4.1.6',1,10),('v150116','在非行人区域周围没有发现卫生死角垃圾清运车辆等保洁设施整洁，不脏乱','3','4.1.7',1,10),('v150116','公共场所没有发现纸屑、烟头等废弃物或杂草','3','4.1.8',1,10),('v150116','对保洁卫生质量有实用的评价考核标准，并行之有效','3','4.1.9',1,10),('v150116','小区绿化管理','2','4.2',1,3),('v150116','进行标准化绿化管理，有专职的绿化工作人员，分工明确','3','4.2.1',1,10),('v150116','有绿化、植被病虫害防护措施','3','4.2.10',1,10),('v150116','绿化没有破坏、践踏、占用','3','4.2.2',1,10),('v150116','有绿化保养计划、有完整的执行记录','3','4.2.3',1,10),('v150116','绿化长势良好、无死枝和枯植、无折损现象，无斑秃','3','4.2.4',1,10),('v150116','植被修剪整齐美观，疏密有序','3','4.2.5',1,10),('v150116','园林建筑和辅助设施完好，整洁无损','3','4.2.6',1,10),('v150116','没有改变绿化种类，无绿化带种植蔬菜等现象','3','4.2.7',1,10),('v150116','绿化带没有垃圾和宠物粪便等脏物','3','4.2.8',1,10),('v150116','道路和绿化带之间分隔明显，不脏乱','3','4.2.9',1,10),('v150116','小区建筑物管理','2','4.3',1,3),('v150116','有切实可行的房屋装饰装修制度','3','4.3.1',1,10),('v150116','小区内无纸张乱贴、乱涂、乱画和乱悬挂','3','4.3.10',1,10),('v150116','对私搭乱建或擅自改变房屋使用用途的违章现象有记录和取证','3','4.3.2',1,10),('v150116','对违章现象有书面劝阻，并报告有关部门','3','4.3.3',1,10),('v150116','建筑外墙整洁，建筑物外墙无脱落、无污迹','3','4.3.4',1,10),('v150116','阳台安装防盗网或封闭阳台统一有序','3','4.3.5',1,10),('v150116','晾晒架、遮阳蓬、空调等安装统一有序，符合建筑设计要求','3','4.3.6',1,10),('v150116','主出入口设有小区平面示意图，主要路口设有路标','3','4.3.7',1,10),('v150116','组团及幢、单元（门）、户门标号标志明显','3','4.3.8',1,10),('v150116','底层用户没有私自侵占公共区域和绿地的情况','3','4.3.9',1,10);
/*!40000 ALTER TABLE `item` ENABLE KEYS */;
UNLOCK TABLES;

--
-- Table structure for table `itemchk`
--

DROP TABLE IF EXISTS `itemchk`;
/*!40101 SET @saved_cs_client     = @@character_set_client */;
/*!40101 SET character_set_client = utf8 */;
CREATE TABLE `itemchk` (
  `id` int(11) NOT NULL AUTO_INCREMENT,
  `ques_key` varchar(20) DEFAULT NULL,
  `community_key` varchar(20) DEFAULT NULL,
  `userid` varchar(20) DEFAULT NULL,
  PRIMARY KEY (`id`)
) ENGINE=InnoDB AUTO_INCREMENT=25 DEFAULT CHARSET=utf8;
/*!40101 SET character_set_client = @saved_cs_client */;

--
-- Dumping data for table `itemchk`
--

LOCK TABLES `itemchk` WRITE;
/*!40000 ALTER TABLE `itemchk` DISABLE KEYS */;
INSERT INTO `itemchk` VALUES (22,'v150116','jyhy','13857659857'),(23,'v150116','yjmy','13857659857'),(24,'v150116','jyhy','13157651100');
/*!40000 ALTER TABLE `itemchk` ENABLE KEYS */;
UNLOCK TABLES;

--
-- Table structure for table `itemcmt`
--

DROP TABLE IF EXISTS `itemcmt`;
/*!40101 SET @saved_cs_client     = @@character_set_client */;
/*!40101 SET character_set_client = utf8 */;
CREATE TABLE `itemcmt` (
  `ques_key` varchar(20) NOT NULL DEFAULT '',
  `item_code` varchar(20) NOT NULL DEFAULT '',
  `itemcmt` varchar(500) DEFAULT NULL,
  PRIMARY KEY (`ques_key`,`item_code`),
  CONSTRAINT `itemcmt:ques_key` FOREIGN KEY (`ques_key`) REFERENCES `item` (`ques_key`)
) ENGINE=InnoDB DEFAULT CHARSET=utf8;
/*!40101 SET character_set_client = @saved_cs_client */;

--
-- Dumping data for table `itemcmt`
--

LOCK TABLES `itemcmt` WRITE;
/*!40000 ALTER TABLE `itemcmt` DISABLE KEYS */;
INSERT INTO `itemcmt` VALUES ('v150116','1.1.4','现场随机抽取管理人员(3-4)询问'),('v150116','1.2.4','现场对内部培训师进行专业知识询问'),('v150116','1.2.8','现场随即抽取10名物管人员询问（管理人员2名，秩序人员4名，专业技术人员4名）全部合格给分');
/*!40000 ALTER TABLE `itemcmt` ENABLE KEYS */;
UNLOCK TABLES;

--
-- Table structure for table `itemval`
--

DROP TABLE IF EXISTS `itemval`;
/*!40101 SET @saved_cs_client     = @@character_set_client */;
/*!40101 SET character_set_client = utf8 */;
CREATE TABLE `itemval` (
  `itemchk_id` int(11) NOT NULL DEFAULT '0',
  `item_code` varchar(20) NOT NULL DEFAULT '0',
  PRIMARY KEY (`itemchk_id`,`item_code`),
  CONSTRAINT `itemval:itemchk_id` FOREIGN KEY (`itemchk_id`) REFERENCES `itemchk` (`id`)
) ENGINE=InnoDB DEFAULT CHARSET=utf8;
/*!40101 SET character_set_client = @saved_cs_client */;

--
-- Dumping data for table `itemval`
--

LOCK TABLES `itemval` WRITE;
/*!40000 ALTER TABLE `itemval` DISABLE KEYS */;
INSERT INTO `itemval` VALUES (22,'1.1.10'),(22,'1.1.4'),(22,'1.1.5'),(22,'1.1.6'),(22,'1.1.7'),(22,'1.1.9'),(22,'1.2.10'),(22,'1.2.3'),(22,'1.2.4'),(22,'1.2.6'),(22,'2.1.1'),(22,'2.1.10'),(22,'2.1.2'),(22,'2.1.3'),(22,'2.1.4'),(22,'2.1.5'),(22,'2.1.6'),(22,'2.1.7'),(22,'2.1.9'),(22,'2.2.2'),(22,'2.2.4'),(22,'2.2.5'),(22,'2.2.6'),(22,'3.1.5'),(22,'3.1.6'),(22,'3.1.9'),(22,'4.1.1'),(22,'4.1.10'),(22,'4.1.2'),(22,'4.1.5'),(22,'4.1.7'),(22,'4.2.7'),(22,'4.2.8'),(22,'4.3.5'),(23,'1.1.10'),(23,'1.1.2'),(23,'1.1.3'),(23,'1.1.4'),(23,'1.1.5'),(23,'1.1.6'),(23,'1.1.7'),(23,'1.1.8'),(23,'1.1.9'),(23,'1.2.2'),(23,'1.2.5'),(23,'1.2.6'),(23,'1.2.7'),(23,'1.2.8'),(23,'2.1.1'),(23,'2.1.10'),(23,'2.1.3'),(23,'2.1.4'),(23,'2.1.5'),(23,'2.1.6'),(23,'2.1.8'),(23,'2.3.10'),(23,'2.3.3'),(23,'2.3.4'),(23,'2.3.5'),(23,'2.3.6'),(23,'2.3.9'),(23,'4.1.10'),(24,'1.3.4'),(24,'1.3.5'),(24,'2.1.4'),(24,'2.1.5'),(24,'2.1.6'),(24,'2.3.6'),(24,'4.1.2'),(24,'4.1.3'),(24,'4.1.6'),(24,'4.1.8'),(24,'4.3.3'),(24,'4.3.4'),(24,'4.3.5');
/*!40000 ALTER TABLE `itemval` ENABLE KEYS */;
UNLOCK TABLES;

--
-- Table structure for table `ques`
--

DROP TABLE IF EXISTS `ques`;
/*!40101 SET @saved_cs_client     = @@character_set_client */;
/*!40101 SET character_set_client = utf8 */;
CREATE TABLE `ques` (
  `key` varchar(20) NOT NULL DEFAULT '',
  `state` varchar(20) NOT NULL,
  PRIMARY KEY (`key`)
) ENGINE=InnoDB DEFAULT CHARSET=utf8;
/*!40101 SET character_set_client = @saved_cs_client */;

--
-- Dumping data for table `ques`
--

LOCK TABLES `ques` WRITE;
/*!40000 ALTER TABLE `ques` DISABLE KEYS */;
INSERT INTO `ques` VALUES ('v150116','on');
/*!40000 ALTER TABLE `ques` ENABLE KEYS */;
UNLOCK TABLES;

--
-- Table structure for table `temp`
--

DROP TABLE IF EXISTS `temp`;
/*!40101 SET @saved_cs_client     = @@character_set_client */;
/*!40101 SET character_set_client = utf8 */;
CREATE TABLE `temp` (
  `ct` varchar(600) DEFAULT NULL,
  `content` varchar(600) DEFAULT NULL,
  `level` varchar(20) DEFAULT NULL,
  `code` varchar(20) DEFAULT NULL
) ENGINE=InnoDB DEFAULT CHARSET=utf8;
/*!40101 SET character_set_client = @saved_cs_client */;

--
-- Dumping data for table `temp`
--

LOCK TABLES `temp` WRITE;
/*!40000 ALTER TABLE `temp` DISABLE KEYS */;
INSERT INTO `temp` VALUES ('1.1.1管理架构完整，配备保安部，工程部，保洁部，绿化部等职能部门','管理架构完整，配备保安部，工程部，保洁部，绿化部等职能部门','3','1.1.1'),('1.1.2部门负责人从事物业管理工作三年以上，且按时到岗','部门负责人从事物业管理工作三年以上，且按时到岗','3','1.1.2'),('1.1.3各岗位有完整的到岗记录','各岗位有完整的到岗记录','3','1.1.3'),('1.1.4管理人员具备相应的专业知识和服务技能','管理人员具备相应的专业知识和服务技能','3','1.1.4'),('1.1.5 50%中层管理人员具有物业经理人上岗证','50%中层管理人员具有物业经理人上岗证','3','1.1.5'),('1.1.6小区的物业主任具备物业管理师资格','小区的物业主任具备物业管理师资格','3','1.1.6'),('1.1.7具备物业收费标准的物业资质','具备物业收费标准的物业资质','3','1.1.7'),('1.1.8与物业合同相适应的人员配备数量','与物业合同相适应的人员配备数量','3','1.1.8'),('1.1.9接待中心配备了专门电话接听人员','接待中心配备了专门电话接听人员','3','1.1.9'),('1.1.10接听业主电话有相应记录','接听业主电话有相应记录','3','1.1.10'),('1.2.1物业各部门管理制度完善','物业各部门管理制度完善','3','1.2.1'),('1.2.2有完善的培训管理制度和完整的年度培训计划','有完善的培训管理制度和完整的年度培训计划','3','1.2.2'),('1.2.3已经定期开展各项专业技能培训，培训工作有记录','已经定期开展各项专业技能培训，培训工作有记录','3','1.2.3'),('1.2.4有相应能力和资质的内部培训师','有相应能力和资质的内部培训师','3','1.2.4'),('1.2.5有相关培训结果的评估和测试记录','有相关培训结果的评估和测试记录','3','1.2.5'),('1.2.6关键岗位管理人员持证上岗','关键岗位管理人员持证上岗','3','1.2.6'),('1.2.7财务上有专项的培训费用列支','财务上有专项的培训费用列支','3','1.2.7'),('1.2.8每年有50%以上人员赴外交流学习','每年有50%以上人员赴外交流学习','3','1.2.8'),('1.2.9物业人员的具备相应的工作能力','物业人员的具备相应的工作能力','3','1.2.9'),('1.2.10物业管理人员每年有四次的内部培训，记录完整','物业管理人员每年有四次的内部培训，记录完整','3','1.2.10'),('1.3.1小区有专门的文化娱乐场所','小区有专门的文化娱乐场所','3','1.3.1'),('1.3.2文化娱乐活动场所设施设备完好','文化娱乐活动场所设施设备完好','3','1.3.2'),('1.3.3小区重要节假日有特殊的布置','小区重要节假日有特殊的布置','3','1.3.3'),('1.3.4每年组织至少一次社区文化活动','每年组织至少一次社区文化活动','3','1.3.4'),('1.3.5小区文化活动有相关报道或记录','小区文化活动有相关报道或记录','3','1.3.5'),('1.3.6小区有专门的公告栏、宣传栏','小区有专门的公告栏、宣传栏','3','1.3.6'),('1.3.7小区公告栏、宣传栏每季度更新一次','小区公告栏、宣传栏每季度更新一次','3','1.3.7'),('1.3.8宣传栏有业主提供的原创内容','宣传栏有业主提供的原创内容','3','1.3.8'),('1.3.9住户对社区文化活动有好感','住户对社区文化活动有好感','3','1.3.9'),('1.3.10本年度小区取得过一个以上市级以上荣誉称号','本年度小区取得过一个以上市级以上荣誉称号','3','1.3.10'),('1.4.1业主花名册完整，能够及时更新，通信方式准确有效','业主花名册完整，能够及时更新，通信方式准确有效','3','1.4.1'),('1.4.2物业费收缴率达到90%以上','物业费收缴率达到90%以上','3','1.4.2'),('1.4.3与所在社区关系处理融洽，有协调解决相关问题的制度','与所在社区关系处理融洽，有协调解决相关问题的制度','3','1.4.3'),('1.4.4每年对不小于10%的业主进行回访和调查','每年对不小于10%的业主进行回访和调查','3','1.4.4'),('1.4.5有正式有效的通知发布手段，信息通达业主渠道顺畅','有正式有效的通知发布手段，信息通达业主渠道顺畅','3','1.4.5'),('1.4.6本年度业主有对物业送过锦旗和表扬信或其他证明评价物业的证据','本年度业主有对物业送过锦旗和表扬信或其他证明评价物业的证据','3','1.4.6'),('1.4.7具备条件的社区已经成立业主委员会或正在成立，没有具备条件的已和开发商正常签订前期物业服务合同','具备条件的社区已经成立业主委员会或正在成立，没有具备条件的已和开发商正常签订前期物业服务合同','3','1.4.7'),('1.4.8业主能够及时了解自身投诉处理状态的机制和流程','业主能够及时了解自身投诉处理状态的机制和流程','3','1.4.8'),('1.4.9  80%的业主对小区物业管理满意','80%的业主对小区物业管理满意','3','1.4.9'),('1.4.10物业服务人员着装统一，形象端庄，谈吐有职业素养','物业服务人员着装统一，形象端庄，谈吐有职业素养','3','1.4.10'),('1.5.1物业公司高层管理人员具备创新性服务意识，并已经有了相关举措','物业公司高层管理人员具备创新性服务意识，并已经有了相关举措','3','1.5.1'),('1.5.2已经利用互联网手段加强与业主的沟通','已经利用互联网手段加强与业主的沟通','3','1.5.2'),('1.5.3已经利用移动互联网开展业主个性化服务','已经利用移动互联网开展业主个性化服务','3','1.5.3'),('1.5.4物业管理公司具备自身的形象识别系统（CIS）','物业管理公司具备自身的形象识别系统（CIS）','3','1.5.4'),('1.5.5小区物业的形象识别系统（CIS）得到业主认同','小区物业的形象识别系统（CIS）得到业主认同','3','1.5.5'),('1.5.6物业公司使用信息化进行内部办公、人事和财务管理','物业公司使用信息化进行内部办公、人事和财务管理','3','1.5.6'),('1.5.7使用客户关系管理系统进行管理','使用客户关系管理系统进行管理','3','1.5.7'),('1.5.8使用资产管理系统跟踪设备维护保养','使用资产管理系统跟踪设备维护保养','3','1.5.8'),('1.5.9物业提供快递收发服务','物业提供快递收发服务','3','1.5.9'),('1.5.10 物业有针对儿童、老人的管理创新活动','物业有针对儿童、老人的管理创新活动','3','1.5.10'),('2.1.1已建立公共设施设备管理制度','已建立公共设施设备管理制度','3','2.1.1'),('2.1.2公共设施维护保养记录完整','公共设施维护保养记录完整','3','2.1.2'),('2.1.3公共设施运行正常','公共设施运行正常','3','2.1.3'),('2.1.4有设备的保修厂家联系方式，并向业主公布','有设备的保修厂家联系方式，并向业主公布','3','2.1.4'),('2.1.5公共配套服务设施损坏时能及时修复','公共配套服务设施损坏时能及时修复','3','2.1.5'),('2.1.6正在修复中的公共配套设施有必要安全防护措施和告知信息','正在修复中的公共配套设施有必要安全防护措施和告知信息','3','2.1.6'),('2.1.7业主对公共配套设施完好率能基本认可','业主对公共配套设施完好率能基本认可','3','2.1.7'),('2.1.8物业管理人员了解公共配套设施的日常使用条件和保养要求','物业管理人员了解公共配套设施的日常使用条件和保养要求','3','2.1.8'),('2.1.9公用配套设施有明显的标识和安全禁示','公用配套设施有明显的标识和安全禁示','3','2.1.9'),('2.1.10有小区范围内道路管理制度','有小区范围内道路管理制度','3','2.1.10'),('2.2.1室外管线统一入地或入公共管道','室外管线统一入地或入公共管道','3','2.2.1'),('2.2.2小区无架空管线','小区无架空管线','3','2.2.2'),('2.2.3排水、排污设施设备可以正常使用','排水、排污设施设备可以正常使用','3','2.2.3'),('2.2.4相关物业管理人员掌握排水、排污设施设备','相关物业管理人员掌握排水、排污设施设备','3','2.2.4'),('2.2.5特殊天气时小区排水、排涝正常，路面没有明显的积水现象','特殊天气时小区排水、排涝正常，路面没有明显的积水现象','3','2.2.5'),('2.2.6地下室、车库、设备房有排水设施','地下室、车库、设备房有排水设施','3','2.2.6'),('2.2.7函水井、化粪井以及排污管道无堵塞外溢','函水井、化粪井以及排污管道无堵塞外溢','3','2.2.7'),('2.2.8各类井盖完好，没有破损丢失','各类井盖完好，没有破损丢失','3','2.2.8'),('2.2.9无函水井、化粪井以及排污管道溢出的臭气','无函水井、化粪井以及排污管道溢出的臭气','3','2.2.9'),('2.2.10有排水排污市政管道的年度维护计划','有排水排污市政管道的年度维护计划','3','2.2.10'),('2.3.1有二次供水蓄水池清洁、消毒管理制度','有二次供水蓄水池清洁、消毒管理制度','3','2.3.1'),('2.3.2供水设备设施运行正常，无渗、漏现象','供水设备设施运行正常，无渗、漏现象','3','2.3.2'),('2.3.3二次供水设备设施运行正常','二次供水设备设施运行正常','3','2.3.3'),('2.3.4二次供水蓄水池清洁、达标','二次供水蓄水池清洁、达标','3','2.3.4'),('2.3.5蓄水池有定期清洗记录，水质合格','蓄水池有定期清洗记录，水质合格','3','2.3.5'),('2.3.6蓄水池清洗操作人员有健康合格证','蓄水池清洗操作人员有健康合格证','3','2.3.6'),('2.3.7水池井口、透气孔按要求防虫、加盖、上锁','水池井口、透气孔按要求防虫、加盖、上锁','3','2.3.7'),('2.3.8建立行之有效的供水应急措施','建立行之有效的供水应急措施','3','2.3.8'),('2.3.9二次供水设施建立安全保护措施','二次供水设施建立安全保护措施','3','2.3.9'),('2.3.10有专人负责二次供水设施的操作','有专人负责二次供水设施的操作','3','2.3.10'),('2.4.1有小区供电系统管理制度','有小区供电系统管理制度','3','2.4.1'),('2.4.2小区内建立应急供电制度','小区内建立应急供电制度','3','2.4.2'),('2.4.3供电设备施维修保养计划完善','供电设备施维修保养计划完善','3','2.4.3'),('2.4.4小区主要道路和公共设施照明正常','小区主要道路和公共设施照明正常','3','2.4.4'),('2.4.5小区内供、配点设备有维修保养记录','小区内供、配点设备有维修保养记录','3','2.4.5'),('2.4.6配电室设备完好','配电室设备完好','3','2.4.6'),('2.4.7小区配电室有明显的警示标志','小区配电室有明显的警示标志','3','2.4.7'),('2.4.8小区配备专业电工','小区配备专业电工','3','2.4.8'),('2.4.9小区供电维护人员持有相关上岗证书','小区供电维护人员持有相关上岗证书','3','2.4.9'),('2.4.10小区夜间路灯、楼道灯照明正常','小区夜间路灯、楼道灯照明正常','3','2.4.10'),('2.5.1制订电梯运行安全管理制度','制订电梯运行安全管理制度','3','2.5.1'),('2.5.2电梯安全检查在有效期之内','电梯安全检查在有效期之内','3','2.5.2'),('2.5.3已制定电梯故障后的应急处理方案','已制定电梯故障后的应急处理方案','3','2.5.3'),('2.5.4物业相关人员了解各自职责和应急处理方案','物业相关人员了解各自职责和应急处理方案','3','2.5.4'),('2.5.5物管人员能够及时响应电梯应急呼叫','物管人员能够及时响应电梯应急呼叫','3','2.5.5'),('2.5.6电梯机房通风、照明良好','电梯机房通风、照明良好','3','2.5.6'),('2.5.7轿厢内照明、通风，附属设施良好','轿厢内照明、通风，附属设施良好','3','2.5.7'),('2.5.8电梯入口大厅照明良好，具有安全感','电梯入口大厅照明良好，具有安全感','3','2.5.8'),('2.5.9电梯内处无杂物，保持清洁','电梯内处无杂物，保持清洁','3','2.5.9'),('2.5.10电梯应急处理方案已组织培训、并有记录','电梯应急处理方案已组织培训、并有记录','3','2.5.10'),('3.1.1有维护秩序的相关部门','有维护秩序的相关部门','3','3.1.1'),('3.1.2维持秩序人员配备符合物业资质','维持秩序人员配备符合物业资质','3','3.1.2'),('3.1.3小区出入口有24小时的门岗值守','小区出入口有24小时的门岗值守','3','3.1.3'),('3.1.4出入口门岗能够实时协调，可以进行联动管理','出入口门岗能够实时协调，可以进行联动管理','3','3.1.4'),('3.1.5有成熟的住户身份识别机制和方法','有成熟的住户身份识别机制和方法','3','3.1.5'),('3.1.6安保点、巡更点设置合理，无盲点死角','安保点、巡更点设置合理，无盲点死角','3','3.1.6'),('3.1.7有重点安全区域（地下室和封闭人行通道）管理措施','有重点安全区域（地下室和封闭人行通道）管理措施','3','3.1.7'),('3.1.8有外来人员、物品、车辆出入登记管理，对非正常进入小区周界的人或者车辆有管理措施','有外来人员、物品、车辆出入登记管理，对非正常进入小区周界的人或者车辆有管理措施','3','3.1.8'),('3.1.9有秩序维护人员能24小时，5分钟内响应住户在公共区域内呼叫的措施','有秩序维护人员能24小时，5分钟内响应住户在公共区域内呼叫的措施','3','3.1.9'),('3.1.10 近一年没有发生过入室盗窃等案件','近一年没有发生过入室盗窃等案件','3','3.1.10'),('3.2.1建立值班及巡逻制度，并认真执行，有值班及巡逻记录','建立值班及巡逻制度，并认真执行，有值班及巡逻记录','3','3.2.1'),('3.2.2监控中心有严格的禁入制度','监控中心有严格的禁入制度','3','3.2.2'),('3.2.3监控中心值班人员和秩序维护人员熟悉小区环境','监控中心值班人员和秩序维护人员熟悉小区环境','3','3.2.3'),('3.2.4监控中心值班人员能够及时指挥在岗秩序维护员到达指定地点','监控中心值班人员能够及时指挥在岗秩序维护员到达指定地点','3','3.2.4'),('3.2.5安保人员能及时响应住户的紧急呼叫请求','安保人员能及时响应住户的紧急呼叫请求','3','3.2.5'),('3.2.6监控中心值班人员经过必要上岗培训，并有半年的实习期','监控中心值班人员经过必要上岗培训，并有半年的实习期','3','3.2.6'),('3.2.7秩序维护员文明执勤，遇到住户自然亲切，对可疑人员采取适当的手段监控和礼貌盘查','秩序维护员文明执勤，遇到住户自然亲切，对可疑人员采取适当的手段监控和礼貌盘查','3','3.2.7'),('3.2.8秩序维护员的年流动率不太于10%','秩序维护员的年流动率不太于10%','3','3.2.8'),('3.2.9秩序维护员有合格的体能条件','秩序维护员有合格的体能条件','3','3.2.9'),('3.2.10住户对秩序维护人员抱有好感','住户对秩序维护人员抱有好感','3','3.2.10'),('3.3.1小区已建立公共场所危险源识别清单','小区已建立公共场所危险源识别清单','3','3.3.1'),('3.3.2公共场所的危险源有明显的提示标识','公共场所的危险源有明显的提示标识','3','3.3.2'),('3.3.3建立社区公共安全事件应急处理措施','建立社区公共安全事件应急处理措施','3','3.3.3'),('3.3.4消防报警系统能够正常使用','消防报警系统能够正常使用','3','3.3.4'),('3.3.5灭火器材在有效期范围之内','灭火器材在有效期范围之内','3','3.3.5'),('3.3.6消防和疏散通道没有杂物和车辆阻挡','消防和疏散通道没有杂物和车辆阻挡','3','3.3.6'),('3.3.7业主撤离地图和疏散标志完整明显','业主撤离地图和疏散标志完整明显','3','3.3.7'),('3.3.8本年度组织过消防演练','本年度组织过消防演练','3','3.3.8'),('3.3.9物业管理人员清楚自身的安全管理职责','物业管理人员清楚自身的安全管理职责','3','3.3.9'),('3.3.10本年度小区里未发生过意外安全事件或者得到及时控制','本年度小区里未发生过意外安全事件或者得到及时控制','3','3.3.10'),('3.4.1有切实有效的小区停车管理办法和措施','有切实有效的小区停车管理办法和措施','3','3.4.1'),('3.4.2有规范的停车指示标识、标志、标线','有规范的停车指示标识、标志、标线','3','3.4.2'),('3.4.3有车辆出入电子监控系统，有能正常使用车辆刷卡系统，挡臂完好','有车辆出入电子监控系统，有能正常使用车辆刷卡系统，挡臂完好','3','3.4.3'),('3.4.4没有车辆乱停现象','没有车辆乱停现象','3','3.4.4'),('3.4.5私人和收费停车位没有被随意占用','私人和收费停车位没有被随意占用','3','3.4.5'),('3.4.6小区非机动车管理制度完善，有专门停放场所，标志明确','小区非机动车管理制度完善，有专门停放场所，标志明确','3','3.4.6'),('3.4.7对小区内的乱停车辆能进行适当提示和处理','对小区内的乱停车辆能进行适当提示和处理','3','3.4.7'),('3.4.8地下车库照明设施完好，光线充足','地下车库照明设施完好，光线充足','3','3.4.8'),('3.4.9道路和地下车库没有堆放杂物','道路和地下车库没有堆放杂物','3','3.4.9'),('3.4.10有外来车辆有临时停放服务','有外来车辆有临时停放服务','3','3.4.10'),('4.1.1垃圾中转站设置合理，外观整洁','垃圾中转站设置合理，外观整洁','3','4.1.1'),('4.1.2小区垃圾箱、果皮箱等设施没有满溢，定时清运和清毒','小区垃圾箱、果皮箱等设施没有满溢，定时清运和清毒','3','4.1.2'),('4.1.3垃圾箱标识清楚，放置稳定，边界明确，外观没有破损，表面不脏乱','垃圾箱标识清楚，放置稳定，边界明确，外观没有破损，表面不脏乱','3','4.1.3'),('4.1.4实行标准化保洁，有专职的清洁人员和明确的责任范围','实行标准化保洁，有专职的清洁人员和明确的责任范围','3','4.1.4'),('4.1.5单元、楼道等公共区域卫生良好，墙面整洁','单元、楼道等公共区域卫生良好，墙面整洁','3','4.1.5'),('4.1.6在行人通道周围没有发现卫生死角','在行人通道周围没有发现卫生死角','3','4.1.6'),('4.1.7在非行人区域周围没有发现卫生死角垃圾清运车辆等保洁设施整洁，不脏乱','在非行人区域周围没有发现卫生死角垃圾清运车辆等保洁设施整洁，不脏乱','3','4.1.7'),('4.1.8公共场所没有发现纸屑、烟头等废弃物或杂草','公共场所没有发现纸屑、烟头等废弃物或杂草','3','4.1.8'),('4.1.9对保洁卫生质量有实用的评价考核标准，并行之有效','对保洁卫生质量有实用的评价考核标准，并行之有效','3','4.1.9'),('4.1.10保洁人员着装整齐','保洁人员着装整齐','3','4.1.10'),('4.2.1进行标准化绿化管理，有专职的绿化工作人员，分工明确','进行标准化绿化管理，有专职的绿化工作人员，分工明确','3','4.2.1'),('4.2.2绿化没有破坏、践踏、占用','绿化没有破坏、践踏、占用','3','4.2.2'),('4.2.3有绿化保养计划、有完整的执行记录','有绿化保养计划、有完整的执行记录','3','4.2.3'),('4.2.4绿化长势良好、无死枝和枯植、无折损现象，无斑秃','绿化长势良好、无死枝和枯植、无折损现象，无斑秃','3','4.2.4'),('4.2.5植被修剪整齐美观，疏密有序','植被修剪整齐美观，疏密有序','3','4.2.5'),('4.2.6园林建筑和辅助设施完好，整洁无损','园林建筑和辅助设施完好，整洁无损','3','4.2.6'),('4.2.7没有改变绿化种类，无绿化带种植蔬菜等现象','没有改变绿化种类，无绿化带种植蔬菜等现象','3','4.2.7'),('4.2.8绿化带没有垃圾和宠物粪便等脏物','绿化带没有垃圾和宠物粪便等脏物','3','4.2.8'),('4.2.9道路和绿化带之间分隔明显，不脏乱','道路和绿化带之间分隔明显，不脏乱','3','4.2.9'),('4.2.10有绿化、植被病虫害防护措施','有绿化、植被病虫害防护措施','3','4.2.10'),('4.3.1有切实可行的房屋装饰装修制度','有切实可行的房屋装饰装修制度','3','4.3.1'),('4.3.2对私搭乱建或擅自改变房屋使用用途的违章现象有记录和取证','对私搭乱建或擅自改变房屋使用用途的违章现象有记录和取证','3','4.3.2'),('4.3.3对违章现象有书面劝阻，并报告有关部门','对违章现象有书面劝阻，并报告有关部门','3','4.3.3'),('4.3.4建筑外墙整洁，建筑物外墙无脱落、无污迹','建筑外墙整洁，建筑物外墙无脱落、无污迹','3','4.3.4'),('4.3.5阳台安装防盗网或封闭阳台统一有序','阳台安装防盗网或封闭阳台统一有序','3','4.3.5'),('4.3.6晾晒架、遮阳蓬、空调等安装统一有序，符合建筑设计要求','晾晒架、遮阳蓬、空调等安装统一有序，符合建筑设计要求','3','4.3.6'),('4.3.7主出入口设有小区平面示意图，主要路口设有路标','主出入口设有小区平面示意图，主要路口设有路标','3','4.3.7'),('4.3.8组团及幢、单元（门）、户门标号标志明显','组团及幢、单元（门）、户门标号标志明显','3','4.3.8'),('4.3.9底层用户没有私自侵占公共区域和绿地的情况','底层用户没有私自侵占公共区域和绿地的情况','3','4.3.9'),('4.3.10小区内无纸张乱贴、乱涂、乱画和乱悬挂','小区内无纸张乱贴、乱涂、乱画和乱悬挂','3','4.3.10'),('1小区物业管理水平','小区物业管理水平','1','1'),('1.1物业组织和人员','物业组织和人员','2','1.1'),('1.2物业制度与执行','物业制度与执行','2','1.2'),('1.3小区文化','小区文化','2','1.3'),('1.4物业与业主的互动交流','物业与业主的互动交流','2','1.4'),('1.5物业服务创新','物业服务创新','2','1.5'),('2共用设施设备管理','共用设施设备管理','1','2'),('2.1小区共用配套设施与道路维护','小区共用配套设施与道路维护','2','2.1'),('2.2小区排水、排污设管理','小区排水、排污设管理','2','2.2'),('2.3小区供水设施管理','小区供水设施管理','2','2.3'),('2.4小区供电设施维护','小区供电设施维护','2','2.4'),('2.5小区电梯管理','小区电梯管理','2','2.5'),('3小区公共秩序','小区公共秩序','1','3'),('3.1小区秩序管理','小区秩序管理','2','3.1'),('3.2小区安全管理','小区安全管理','2','3.2'),('3.3小区消防管理','小区消防管理','2','3.3'),('3.4小区机动车管理','小区机动车管理','2','3.4'),('4环境和绿化维护','环境和绿化维护','1','4'),('4.1小区保洁管理','小区保洁管理','2','4.1'),('4.2小区绿化管理','小区绿化管理','2','4.2'),('4.3小区建筑物管理','小区建筑物管理','2','4.3');
/*!40000 ALTER TABLE `temp` ENABLE KEYS */;
UNLOCK TABLES;
/*!40103 SET TIME_ZONE=@OLD_TIME_ZONE */;

/*!40101 SET SQL_MODE=@OLD_SQL_MODE */;
/*!40014 SET FOREIGN_KEY_CHECKS=@OLD_FOREIGN_KEY_CHECKS */;
/*!40014 SET UNIQUE_CHECKS=@OLD_UNIQUE_CHECKS */;
/*!40101 SET CHARACTER_SET_CLIENT=@OLD_CHARACTER_SET_CLIENT */;
/*!40101 SET CHARACTER_SET_RESULTS=@OLD_CHARACTER_SET_RESULTS */;
/*!40101 SET COLLATION_CONNECTION=@OLD_COLLATION_CONNECTION */;
/*!40111 SET SQL_NOTES=@OLD_SQL_NOTES */;

-- Dump completed on 2015-02-04 16:12:41
